,mean_fit_time,std_fit_time,mean_score_time,std_score_time,param_penalty,param_C,params,split0_test_score,split1_test_score,split2_test_score,split3_test_score,split4_test_score,mean_test_score,std_test_score,rank_test_score,split0_train_score,split1_train_score,split2_train_score,split3_train_score,split4_train_score,mean_train_score,std_train_score,model,param_loss,param_n_estimators,param_min_samples_split,param_min_samples_leaf,param_max_depth,param_learning_rate
0,7.432551145553589,0.6636781612687999,0.0029748916625976563,0.0005443203745817642,l1,0.21000000000000002,"{'penalty': 'l1', 'C': 0.21000000000000002}",0.7694740627908945,0.7908098502157909,0.812981298129813,0.7940149784209191,0.7491360485084911,0.7832832476131817,0.021956861294398135,1,0.9252140540082869,0.9140827163956373,0.9232177159458329,0.9199923533240548,0.9247872503596513,0.9214588180066927,0.004119013837273197,LR,,,,,,
1,7.64211106300354,0.20825197338355783,0.0027411937713623046,0.0004912181119790074,l1,0.41000000000000003,"{'penalty': 'l1', 'C': 0.41000000000000003}",0.7619108064652618,0.7829186764830329,0.8051324363205552,0.7869277312346619,0.7452244153751564,0.7764228131757336,0.02078812338205367,2,0.9317911213889963,0.9214171751221085,0.9310125627741823,0.9272381741113714,0.9314698897774393,0.9285857846348197,0.0039417385704201705,LR,,,,,,
2,7.217887544631958,0.05218804791887508,0.002637338638305664,0.0003296492360829322,l1,0.51,"{'penalty': 'l1', 'C': 0.51}",0.7596576965388846,0.7814800710840315,0.803915968519929,0.7855102817974106,0.7447897894714526,0.7750707614823417,0.02067176160802847,3,0.9330737255981075,0.9228347206714258,0.9326457498769651,0.9285631128585867,0.9327346196158077,0.9299703857241786,0.003932617789566444,LR,,,,,,
3,7.032969808578491,0.36566315023291524,0.0034279823303222656,0.0005741444923828489,l1,0.6100000000000001,"{'penalty': 'l1', 'C': 0.6100000000000001}",0.7582719810442583,0.7804116950156554,0.8035668951510535,0.7843255479394093,0.7440689465092118,0.7741290131319177,0.02080905275833462,4,0.9339052023855511,0.9238031232305486,0.9337424790047149,0.9294666906562383,0.9335696189811289,0.9308974228516365,0.003915553501664754,LR,,,,,,
4,6.187248086929321,0.25040419285719306,0.00222625732421875,9.872747254972188e-05,l1,1.11,"{'penalty': 'l1', 'C': 1.11}",0.7539032749428789,0.7785076584581535,0.7990712532791742,0.7816175848354066,0.7429770814340535,0.7712153705899334,0.020171481621845757,5,0.9357328637727482,0.9259575543337337,0.9360080382704224,0.9314173867947991,0.9354141543962088,0.9329059995135823,0.0038574993233392828,LR,,,,,,
5,6.790271759033203,0.11009467780991498,0.002548837661743164,0.00017312108731488908,l1,1.2100000000000002,"{'penalty': 'l1', 'C': 1.2100000000000002}",0.7537022933062537,0.7785711263434038,0.7981298129812983,0.7811309977151562,0.7427544681663028,0.770857739702483,0.01996449526876416,6,0.935918077376952,0.9261493827095164,0.9362375708442036,0.9316323668711073,0.9356224083946856,0.9331119612392929,0.0038629721039124994,LR,,,,,,
6,6.295328426361084,0.05358905266471576,0.0024278640747070314,0.00025985207576469544,l1,1.81,"{'penalty': 'l1', 'C': 1.81}",0.750983752221376,0.778073961242278,0.7955064737242955,0.7799462638571549,0.741514194245977,0.7692049290582164,0.019922827794907724,7,0.9365517724941923,0.9268750231517007,0.9369274915198628,0.9323183186838193,0.936204858466616,0.9337754928632382,0.0038284325822587253,LR,,,,,,
7,6.144602680206299,0.044767478952197994,0.002472686767578125,0.0002773449619366004,l1,2.76,"{'penalty': 'l1', 'C': 2.76}",0.7501269357705,0.7775133282559025,0.7937293729372936,0.778877887788779,0.7404965335934022,0.7681488116691754,0.01973123844953696,8,0.9369764408295453,0.9273003529642115,0.9374044165506876,0.932744309973488,0.936624010958788,0.9342099062553441,0.003836050318775493,LR,,,,,,
8,6.13132758140564,0.04708217611995002,0.0026581287384033203,0.0002795429524438926,l1,2.71,"{'penalty': 'l1', 'C': 2.71}",0.74997884403825,0.7772277227722773,0.7936764830329186,0.7789307776931538,0.7408569550745225,0.7681341565222245,0.019623106327189065,9,0.9369341062914415,0.9272712479692652,0.9374024321192141,0.9327648157653821,0.9365830212828976,0.9341911246856401,0.003833449197798242,LR,,,,,,
9,6.174334573745727,0.10807284534058376,0.002405405044555664,0.00012215428891108423,l1,3.11,"{'penalty': 'l1', 'C': 3.11}",0.7495663027841246,0.7771430989252771,0.7933274096640435,0.7785499703816535,0.7408039519155342,0.7678781467341265,0.019574104304762363,10,0.9370320049108064,0.9274061893094708,0.9374990077842633,0.9328289790496955,0.9367000401963272,0.9342932442501126,0.0038248135863788277,LR,,,,,,
10,6.149507093429565,0.04094640247492059,0.0023504257202148437,9.314505851508232e-05,l1,3.36,"{'penalty': 'l1', 'C': 3.36}",0.7492066514343743,0.7770161631547772,0.7933379876449184,0.7784759245155285,0.7406767443339622,0.767742694216712,0.019659445717277242,11,0.9370756624032259,0.9274313254414699,0.9375016536928946,0.9329037259685349,0.9367291296437337,0.9343282994299719,0.003820466621899278,LR,,,,,,
11,6.437910652160644,0.3122210869770204,0.0029339313507080076,0.0003920376775216609,l1,4.46,"{'penalty': 'l1', 'C': 4.46}",0.7488893120081239,0.7770690530591521,0.7922167216721672,0.7781585850892783,0.7404117285390209,0.7673490800735485,0.019473606840682,12,0.9372469849871143,0.9276119087055686,0.937705388657519,0.9330492509432663,0.936925483413726,0.9345078033414389,0.0038276254466911757,LR,,,,,,
12,5.338003492355346,0.40011670275701994,0.0027330398559570314,0.00029258210464833654,l2,0.6100000000000001,"{'penalty': 'l2', 'C': 0.6100000000000001}",0.7478315139206229,0.7765189980536515,0.7898260979944148,0.7771007870017772,0.7400619076896984,0.7662678609320329,0.01899515469518851,13,0.9374983463071054,0.9279664604621873,0.9380248821247704,0.9334282773547264,0.937205138783109,0.9348246210063798,0.0037958262536206084,LR,,,,,,
13,5.109396266937256,0.020982673908726726,0.0028797149658203124,0.0002743230785189347,l2,0.56,"{'penalty': 'l2', 'C': 0.56}",0.7474612845899976,0.7763920622831515,0.7901645933824153,0.7774287044089024,0.739669684313185,0.7662232657955304,0.019283454417938505,14,0.9375122373274205,0.9279505850103984,0.9380076837186657,0.9334183551973584,0.9371793549547262,0.9348136432417139,0.003798138847647609,LR,,,,,,
14,4.866573095321655,0.030391941869529166,0.0024991989135742187,0.00017216493341080198,l2,1.2100000000000002,"{'penalty': 'l2', 'C': 1.2100000000000002}",0.7475564864178725,0.7763603283405264,0.7895510704916646,0.7771430989252772,0.7396590836813874,0.7660540135713457,0.019079572619501762,15,0.9375843383376284,0.9280220245434484,0.9381095512009778,0.9335089775679866,0.9372137333925701,0.9348877250085224,0.0037973935757217954,LR,,,,,,
15,4.885223865509033,0.06310132288765735,0.002496623992919922,0.00025374268286115743,l2,2.21,"{'penalty': 'l2', 'C': 2.21}",0.7473978167047475,0.7760535668951511,0.7896251163577896,0.7774604383515274,0.7396802849449827,0.7660434446508397,0.01912757780892595,16,0.9376200581041534,0.9280484836297632,0.9381895899370802,0.9335347751771437,0.9372547230684606,0.9349295259833201,0.0038096612774198447,LR,,,,,,
16,5.0015758037567135,0.047795382130416855,0.0025635242462158205,0.00029585101618883247,l2,2.01,"{'penalty': 'l2', 'C': 2.01}",0.7473237708386223,0.7765718879580267,0.7896039603960395,0.7772806126766523,0.7394152691500413,0.7660391002038764,0.019244249996603364,17,0.93762733435289,0.9280438532896583,0.9381889284599224,0.9335764482380895,0.9372388560971482,0.9349350840875419,0.003807309639215101,LR,,,,,,
17,5.645247173309326,0.34352399916502413,0.0025670528411865234,0.00024013322340056894,l2,1.06,"{'penalty': 'l2', 'C': 1.06}",0.7471651011254972,0.7761487687230262,0.7896462723195395,0.7773017686384023,0.7399240994763288,0.7660372020565588,0.019102736763759034,18,0.9375810309518392,0.9280332696551323,0.9381194733583459,0.9335023627964079,0.9372560453160701,0.934898436415559,0.003800243370080511,LR,,,,,,
18,5.140832948684692,0.006074239176295348,0.0025751590728759766,0.0001616957545524214,l2,4.11,"{'penalty': 'l2', 'C': 4.11}",0.7476305322839977,0.7766036219006518,0.7892548870271643,0.7770373191165271,0.7395212754680179,0.7660095271592717,0.019045255180827756,19,0.9376227040127849,0.9280941255536563,0.9382127416376057,0.9335175767710391,0.9373267855631717,0.9349547867076515,0.0038076941976757602,LR,,,,,,
19,5.397038221359253,0.13211279994003863,0.0028014183044433594,0.0004399462526730032,l2,2.41,"{'penalty': 'l2', 'C': 2.41}",0.7474824405517475,0.7764237962257765,0.7894770246255394,0.7771748328679021,0.7394152691500413,0.7659946726842014,0.019153855397977104,20,0.937642548327521,0.9280564213556577,0.9381988506172905,0.9335830630096681,0.9372712511635778,0.9349504268947431,0.0038100655150270215,LR,,,,,,
20,5.000115966796875,0.04624257505348185,0.002884244918823242,0.0005527537719566395,l2,4.51,"{'penalty': 'l2', 'C': 4.51}",0.7476516882457477,0.775990099009901,0.7892443090462893,0.7771959888296521,0.7397544893675663,0.7659673148998312,0.018925814001782258,21,0.9376240269671008,0.9280736197617624,0.9381816522111859,0.9335605727863006,0.9373129019632732,0.9349505547379244,0.003805060145311969,LR,,,,,,
21,4.910491180419922,0.02369674715565757,0.0026282787322998045,0.00036652445411442365,l2,3.91,"{'penalty': 'l2', 'C': 3.91}",0.7475670643987475,0.7765401540154014,0.7892654650080392,0.7770161631547771,0.7394364704136367,0.7659650633981203,0.019074174558790798,22,0.9376174121955221,0.928085526350604,0.9381783448253964,0.9336326737965085,0.9372388560971482,0.9349505626530359,0.00378503647519283,LR,,,,,,
22,4.976486396789551,0.04107588352036927,0.0024684906005859376,0.00023238504190498398,l2,4.26,"{'penalty': 'l2', 'C': 4.26}",0.7472179910298722,0.7765295760345265,0.7891279512566641,0.7771325209444021,0.7395424767316132,0.7659101031994157,0.019091522279024647,23,0.9376571008249942,0.9280888337363935,0.9382378777696049,0.9335698334665108,0.9372342282305154,0.9349575748056038,0.0038035880161301798,LR,,,,,,
23,4.888708543777466,0.054824367203101805,0.0029093265533447266,0.0005955892831441048,l2,4.46,"{'penalty': 'l2', 'C': 4.46}",0.7476199543031227,0.7760429889142761,0.7894770246255395,0.7771748328679022,0.7391820552504929,0.7658993711922667,0.01915143237905821,24,0.9376749607082568,0.9280286393150272,0.9381803292568701,0.9335837244868261,0.9372864570110857,0.9349508221556132,0.0038233861553254697,LR,,,,,,
24,4.886068725585938,0.0314593380261292,0.0025032520294189452,0.00021628713262502252,l2,4.06,"{'penalty': 'l2', 'C': 4.06}",0.7471862570872472,0.7758948971820259,0.7892019971227893,0.7772171447914021,0.7396272817859944,0.7658255155938918,0.019033606922192612,25,0.9375988908351016,0.928106693619656,0.938231924475184,0.933522207111144,0.9373082740966405,0.9349535980275452,0.0038004862228850672,LR,,,,,,
25,82.33467025756836,136.3201582082392,0.006854581832885742,0.006564565952985524,l1,0.16000000000000003,"{'penalty': 'l1', 'loss': 'squared_hinge', 'C': 0.16000000000000003}",0.7343657442667344,0.7384382669036136,0.7622810357958874,0.7305576711517305,0.7179489897597897,0.736718341575551,0.014506458014889352,1,0.9663321356186928,0.9577283022262675,0.9603431214313307,0.9641585216779294,0.9666449818058729,0.9630414125520186,0.0034805866969131777,SVM,squared_hinge,,,,,
26,19.479447317123412,0.9161140769459344,0.0033981800079345703,0.00041826664967208277,l1,0.31000000000000005,"{'penalty': 'l1', 'loss': 'squared_hinge', 'C': 0.31000000000000005}",0.7161821951425912,0.7200114242193449,0.7485931285436236,0.7120673605822121,0.7056522568745097,0.7205012730724564,0.0148301779612793,2,0.9699385090834044,0.9639580940990946,0.9670597604923508,0.9700410380428743,0.9713363163239401,0.9684667436083328,0.0026527897027925724,SVM,squared_hinge,,,,,
27,87.12167954444885,136.9398178645665,0.00876755714416504,0.0075619134616655434,l1,0.36000000000000004,"{'penalty': 'l1', 'loss': 'squared_hinge', 'C': 0.36000000000000004}",0.711993314716087,0.7187526444952188,0.7454937801472454,0.7085766268934586,0.7061080840418089,0.7181848900587637,0.014301058651819085,3,0.9720155473591185,0.9648881309830608,0.9677377745791682,0.9711245376274666,0.9721217314039097,0.9695775443905447,0.0028349703763522493,SVM,squared_hinge,,,,,
28,25.130088806152344,0.733632134385701,0.0030745506286621095,0.0006136351341297034,l1,3.51,"{'penalty': 'l1', 'loss': 'squared_hinge', 'C': 3.51}",0.6871667936024372,0.7042396547347042,0.7025471777947025,0.6955445544554455,0.691935039328344,0.6962866439831268,0.006404740346421162,4,0.9784881013488842,0.9716437971963953,0.9777604764752263,0.9784160003386762,0.9803236333248709,0.9773264017368106,0.0029664990657549744,SVM,squared_hinge,,,,,
29,25.675339555740358,1.172889178887131,0.003199195861816406,0.00045440901458053526,l1,3.01,"{'penalty': 'l1', 'loss': 'squared_hinge', 'C': 3.01}",0.6876639587035627,0.7053291867648304,0.7031607006854532,0.6900651603621901,0.693408527148218,0.6959255067328509,0.007066954808535773,5,0.9782168957141573,0.9713798678104048,0.9772742907641913,0.9789021860497114,0.9798469630616908,0.9771240406800311,0.0029929429136492155,SVM,squared_hinge,,,,,
30,26.715957832336425,0.9236464757427122,0.0027828216552734375,0.00033604853031387515,l1,4.8100000000000005,"{'penalty': 'l1', 'loss': 'squared_hinge', 'C': 4.8100000000000005}",0.6836866378945587,0.7062494711009561,0.704874333587205,0.6904882795971905,0.6879067992452349,0.694641104285029,0.009187712590638554,6,0.9788472834456081,0.9720459753083805,0.9779489974652196,0.9796020288827386,0.9807150186172464,0.9778318607438387,0.0030320741781816817,SVM,squared_hinge,,,,,
31,44.938774538040164,3.325989319968398,0.00269317626953125,0.00019328751692195627,l2,0.76,"{'penalty': 'l2', 'loss': 'squared_hinge', 'C': 0.76}",0.6832635186595583,0.7084179571803334,0.6936299399170687,0.6902661419988152,0.684185977484258,0.6919527070480067,0.00908389956625078,7,0.9792640140550666,0.9721842240343757,0.9782248334400516,0.9794346751617972,0.9807097296268088,0.9779634952636199,0.002995523199072152,SVM,squared_hinge,,,,,
32,183.1418375968933,168.57886593007055,0.014518451690673829,0.013030815206347163,l2,1.51,"{'penalty': 'l2', 'loss': 'squared_hinge', 'C': 1.51}",0.6827451975966827,0.7064716086993315,0.692963527121943,0.6888910044850639,0.6806029639366505,0.6903348603679343,0.009183703442027454,8,0.9799109387154643,0.9727312656439348,0.978570785993618,0.9798824951976759,0.9813900260218329,0.9784971023145053,0.0030178653443153542,SVM,squared_hinge,,,,,
33,61.42502837181091,16.442463302778023,0.005391168594360352,0.004475956352823333,l2,4.8100000000000005,"{'penalty': 'l2', 'loss': 'squared_hinge', 'C': 4.8100000000000005}",0.6778264364898028,0.7029914529914529,0.6897372429550647,0.6877803164931877,0.6828078953505629,0.6882286688560142,0.0084617709101724,9,0.9807728434521699,0.97343176995412,0.9795292663953729,0.980301210238608,0.9810581418718795,0.97901864638243,0.00284097308255347,SVM,squared_hinge,,,,,
34,63.89270462989807,11.566350436618652,0.005548524856567383,0.0030900535481457854,l2,4.36,"{'penalty': 'l2', 'loss': 'squared_hinge', 'C': 4.36}",0.678059152069053,0.7020923246170772,0.6897266649741898,0.6878120504358127,0.6762355036360168,0.6867851391464299,0.009289291769575898,10,0.9807225711881717,0.9735627424313783,0.9795854919537919,0.9801953738933487,0.9823215494626385,0.9792775457858658,0.002998341990340749,SVM,squared_hinge,,,,,
35,0.042549657821655276,0.004953186576438198,0.0,0.0,l1,0.060000000000000005,"{'penalty': 'l1', 'loss': 'hinge', 'C': 0.060000000000000005}",,,,,,,,11,,,,,,,,SVM,hinge,,,,,
36,0.031206274032592775,0.006458011215639952,0.0,0.0,l1,3.96,"{'penalty': 'l1', 'loss': 'hinge', 'C': 3.96}",,,,,,,,23,,,,,,,,SVM,hinge,,,,,
37,0.03968625068664551,0.023669901814689327,0.0,0.0,l1,2.31,"{'penalty': 'l1', 'loss': 'hinge', 'C': 2.31}",,,,,,,,22,,,,,,,,SVM,hinge,,,,,
38,0.01873931884765625,0.008795813405372086,0.0,0.0,l1,0.46,"{'penalty': 'l1', 'loss': 'hinge', 'C': 0.46}",,,,,,,,21,,,,,,,,SVM,hinge,,,,,
39,0.022063636779785158,0.009441974731189831,0.0,0.0,l1,0.66,"{'penalty': 'l1', 'loss': 'hinge', 'C': 0.66}",,,,,,,,20,,,,,,,,SVM,hinge,,,,,
40,0.041199684143066406,0.012094218963464014,0.0,0.0,l1,2.46,"{'penalty': 'l1', 'loss': 'hinge', 'C': 2.46}",,,,,,,,19,,,,,,,,SVM,hinge,,,,,
41,0.03877191543579102,0.000657587614373581,0.0,0.0,l2,3.41,"{'penalty': 'l2', 'loss': 'hinge', 'C': 3.41}",,,,,,,,16,,,,,,,,SVM,hinge,,,,,
42,0.040645408630371097,0.0069351659984108575,0.0,0.0,l2,3.86,"{'penalty': 'l2', 'loss': 'hinge', 'C': 3.86}",,,,,,,,17,,,,,,,,SVM,hinge,,,,,
43,0.040243673324584964,0.0023412490734981617,0.0,0.0,l2,2.66,"{'penalty': 'l2', 'loss': 'hinge', 'C': 2.66}",,,,,,,,24,,,,,,,,SVM,hinge,,,,,
44,0.03761301040649414,0.0026791013499581256,0.0,0.0,l1,4.71,"{'penalty': 'l1', 'loss': 'hinge', 'C': 4.71}",,,,,,,,15,,,,,,,,SVM,hinge,,,,,
45,0.040619707107543944,0.0038500268846037985,0.0,0.0,l2,2.21,"{'penalty': 'l2', 'loss': 'hinge', 'C': 2.21}",,,,,,,,14,,,,,,,,SVM,hinge,,,,,
46,0.03800978660583496,0.00440898640808663,0.0,0.0,l1,0.81,"{'penalty': 'l1', 'loss': 'hinge', 'C': 0.81}",,,,,,,,13,,,,,,,,SVM,hinge,,,,,
47,0.03955411911010742,0.007728139923171962,0.0,0.0,l2,0.31000000000000005,"{'penalty': 'l2', 'loss': 'hinge', 'C': 0.31000000000000005}",,,,,,,,12,,,,,,,,SVM,hinge,,,,,
48,0.03362321853637695,0.0013191521112679602,0.0,0.0,l1,1.11,"{'penalty': 'l1', 'loss': 'hinge', 'C': 1.11}",,,,,,,,18,,,,,,,,SVM,hinge,,,,,
49,0.03191142082214356,0.000577555933332922,0.0,0.0,l1,0.76,"{'penalty': 'l1', 'loss': 'hinge', 'C': 0.76}",,,,,,,,25,,,,,,,,SVM,hinge,,,,,
50,1.8352134227752686,0.010789008380644376,0.048388433456420896,0.0037303223000149533,,,"{'n_estimators': 220, 'min_samples_split': 0.002, 'min_samples_leaf': 5, 'max_depth': 10}",0.7533214859947532,0.792015740035542,0.8351421680629602,0.7614771092493864,0.7497190832573621,0.7783351173200008,0.0320716449395928,1,0.8802395605674944,0.8732735446179571,0.8711667398701388,0.8826552751480385,0.8813930671913345,0.8777456374789926,0.004624055497605062,RF,,220,0.002,5,10,
51,0.9065228939056397,0.011072941268623515,0.02368955612182617,0.0007564675698610085,,,"{'n_estimators': 100, 'min_samples_split': 0.007, 'min_samples_leaf': 6, 'max_depth': 13}",0.7564525683337564,0.7864517220952865,0.8337035626639587,0.756981467377507,0.7532490936459812,0.7773676828232979,0.03063004167523581,2,0.8911063073169956,0.8855194712416192,0.8804552021209603,0.8907471252202719,0.8907638359989845,0.8877183883797664,0.004183661171419584,RF,,100,0.007,6,13,
52,1.4495306968688966,0.008575540542590025,0.0402310848236084,0.004370702784191259,,,"{'n_estimators': 190, 'min_samples_split': 0.016, 'min_samples_leaf': 5, 'max_depth': 9}",0.7542946602352544,0.7914656850300414,0.8325188288059575,0.7573622746890074,0.7511501685500456,0.7773583234620612,0.03117800799303848,3,0.8474058188822623,0.8397770028205386,0.8339434357652762,0.8464175720084034,0.84693000550055,0.8428947669954061,0.005270477745337514,RF,,190,0.016,5,9,
53,1.4875863075256348,0.1072276970319005,0.0373497486114502,0.00479842057606934,,,"{'n_estimators': 180, 'min_samples_split': 0.018000000000000002, 'min_samples_leaf': 8, 'max_depth': 13}",0.7526656511805028,0.7927773546585428,0.8339151222814588,0.755923669290006,0.7511183666546526,0.7772800328130325,0.032230715678501394,4,0.8623141910663541,0.8549671642738832,0.8515579110022172,0.8618260209238454,0.8615897647457054,0.858451010402401,0.004377639612343985,RF,,180,0.018000000000000002,8,13,
54,0.641166877746582,0.0022149293075266947,0.019825172424316407,0.0012264138190810501,,,"{'n_estimators': 80, 'min_samples_split': 0.018000000000000002, 'min_samples_leaf': 5, 'max_depth': 9}",0.7515866971312516,0.7920157400355421,0.8341161039180841,0.7565795041042566,0.7505777344329723,0.7769751559244213,0.03239965253664692,5,0.8416979324869953,0.8368764254832752,0.8309449598086478,0.8425413158632806,0.8442187367775239,0.8392558740839446,0.004819146289109681,RF,,80,0.018000000000000002,5,9,
55,1.1548124313354493,0.012276347836236852,0.0282958984375,0.001494855930657862,,,"{'n_estimators': 130, 'min_samples_split': 0.007, 'min_samples_leaf': 9, 'max_depth': 13}",0.7531310823390032,0.7878268596090379,0.8342641956503344,0.7575738343065076,0.7512137723408315,0.7768019488491429,0.031648834265832745,6,0.8836646892909494,0.8757329166909208,0.8737398860142562,0.8807601430907388,0.881283981763561,0.8790363233700853,0.003698919791849039,RF,,130,0.007,9,13,
56,1.0396706104278564,0.009032157981666379,0.02906312942504883,0.00044517437923364276,,,"{'n_estimators': 140, 'min_samples_split': 0.007, 'min_samples_leaf': 6, 'max_depth': 8}",0.7484661927731233,0.791994584073792,0.8302234069560802,0.7593720910552594,0.7490830453495029,0.7758278640415515,0.031480078689913225,7,0.848513793121696,0.8425671134724375,0.8333004799678257,0.8490006403098889,0.8451859609037826,0.8437135975551261,0.005708064401130659,RF,,140,0.007,6,8,
57,0.6406605243682861,0.011390259540568139,0.019310617446899415,0.0008296138157541597,,,"{'n_estimators': 90, 'min_samples_split': 0.004, 'min_samples_leaf': 8, 'max_depth': 7}",0.7487941101802488,0.7894452906829145,0.830942709655581,0.7619425404078869,0.7479275764835585,0.7758104454820379,0.03138512738359984,8,0.8345691931566219,0.8290954696752412,0.8220308936291811,0.8357955718073142,0.8370230652872979,0.8317028387111313,0.005542854098442473,RF,,90,0.004,8,7,
58,0.4668742656707764,0.011333233254706797,0.014528417587280273,0.0015051714618003241,,,"{'n_estimators': 50, 'min_samples_split': 0.015, 'min_samples_leaf': 12, 'max_depth': 13}",0.7523059998307523,0.7863776762291614,0.8327621223660828,0.7584729626808836,0.7481819916467021,0.7756201505507164,0.031532071106570275,9,0.8579927607939842,0.8519521513883082,0.8450159019108752,0.8562061109905752,0.8592857482863671,0.854090534674022,0.005169427805530704,RF,,50,0.015,12,13,
59,0.9018216609954834,0.008439043111890547,0.026296043395996095,0.0013158331670755357,,,"{'n_estimators': 120, 'min_samples_split': 0.007, 'min_samples_leaf': 12, 'max_depth': 8}",0.7509097063552509,0.7883240247101634,0.8296416180079547,0.7607260726072608,0.7480017809061421,0.7755206405173544,0.03057735045946953,10,0.838792063332469,0.8279511141921246,0.8228498023506252,0.8354979070862726,0.836861751078954,0.832390527608089,0.006022642876588584,RF,,120,0.007,12,8,
60,1.2982136726379394,0.01736250772502128,0.035782670974731444,0.002949736974627469,,,"{'n_estimators': 190, 'min_samples_split': 0.019000000000000003, 'min_samples_leaf': 5, 'max_depth': 7}",0.7519780824236271,0.7897097402047897,0.8302762968604552,0.7593932470170095,0.744556575571904,0.7751827884155571,0.03153429850796701,11,0.8290055087817707,0.8215731514359347,0.8143848791613528,0.8283737980960042,0.8299662297960566,0.8246607134542238,0.005931923082442634,RF,,190,0.019000000000000003,5,7,
61,0.39222054481506347,0.004298423597695062,0.01220860481262207,0.0006172385731022083,,,"{'n_estimators': 50, 'min_samples_split': 0.011, 'min_samples_leaf': 8, 'max_depth': 8}",0.7505394770246254,0.7866421257510365,0.8305301684014557,0.7575632563256327,0.7485318124960247,0.7747613679997551,0.03105406940315319,12,0.8394231125410778,0.833835945727122,0.8284650819437903,0.840957739547338,0.8370012482017433,0.8359366255922144,0.004443814088855711,RF,,50,0.011,8,8,
62,0.9609988689422607,0.015370806446945173,0.028979778289794922,0.0007391990007545902,,,"{'n_estimators': 140, 'min_samples_split': 0.014000000000000002, 'min_samples_leaf': 12, 'max_depth': 7}",0.7493653211474993,0.7901963273250402,0.8284568841499536,0.7586739443175086,0.7462314753959336,0.774584790467187,0.031109515246380986,13,0.8271851236433103,0.81882206793635,0.8125386964137353,0.82654216784586,0.8272159547685538,0.8224608021215619,0.005886880410887224,RF,,140,0.014000000000000002,12,7,
63,1.459856128692627,0.009779709126474075,0.040957307815551756,0.0028525460890482033,,,"{'n_estimators': 200, 'min_samples_split': 0.003, 'min_samples_leaf': 12, 'max_depth': 8}",0.74993653211475,0.7903021071337903,0.829980113395955,0.7543898620631294,0.7479487777471537,0.7745114784909558,0.031750583991563844,14,0.8366614454069672,0.8294123172338612,0.8232526419397685,0.8368770869604331,0.8389006568926123,0.8330208296867283,0.005850402121852074,RF,,200,0.003,12,8,
64,1.0472699642181396,0.01024234968084596,0.029520654678344728,0.0007615548414420001,,,"{'n_estimators': 150, 'min_samples_split': 0.006, 'min_samples_leaf': 9, 'max_depth': 7}",0.7496191926884996,0.7904184649234154,0.8287107556909536,0.758123889312008,0.7447261856806666,0.7743196976591087,0.03151429074655221,15,0.8343872869382074,0.8266652025972239,0.8195496928100079,0.8338746421408575,0.8355295866125074,0.8300012822197609,0.006085511521070699,RF,,150,0.006,9,7,
65,1.3194852828979493,0.021402628556813942,0.04128594398498535,0.0029287173257671654,,,"{'n_estimators': 210, 'min_samples_split': 0.003, 'min_samples_leaf': 12, 'max_depth': 6}",0.7512164678006263,0.7876576119150376,0.8265211136498265,0.7569708893966319,0.7476413594250217,0.7740014884374288,0.02982903153488248,16,0.8234636531531294,0.8152930872991093,0.8072243889274016,0.8220229559032868,0.8229748455614792,0.8181957861688811,0.006229514869981179,RF,,210,0.003,12,6,
66,0.5909384250640869,0.005913780300194451,0.018336963653564454,0.0016255587934276236,,,"{'n_estimators': 90, 'min_samples_split': 0.004, 'min_samples_leaf': 13, 'max_depth': 6}",0.7484661927731235,0.7895404925107895,0.8280443428958282,0.7586951002792587,0.7450972077935843,0.7739686672505168,0.031253414732160985,17,0.8197534277746321,0.8121338723931185,0.8072257118817172,0.8206728810240724,0.8211931169078446,0.816195801996277,0.0055612207812611916,RF,,90,0.004,13,6,
67,1.3107411861419678,0.004321844638048522,0.03966197967529297,0.0018627772732986033,,,"{'n_estimators': 230, 'min_samples_split': 0.001, 'min_samples_leaf': 8, 'max_depth': 5}",0.7510895320301261,0.7894981805872894,0.8281183887619532,0.755077430820005,0.7449806008438102,0.7737528266086368,0.03128503420051104,18,0.817670436204497,0.8105430198284392,0.8023291272205788,0.8181083340830075,0.8201525080392654,0.8137606850751575,0.00657384957564206,RF,,230,0.001,8,5,
68,0.4720280170440674,0.005747695064829186,0.017989730834960936,0.001641616839405639,,,"{'n_estimators': 90, 'min_samples_split': 0.010000000000000002, 'min_samples_leaf': 5, 'max_depth': 4}",0.7452610645679952,0.7881389100448508,0.8234852331386985,0.7566641279512568,0.7467032035109291,0.7720505078427461,0.030004227854463574,19,0.8110239137222115,0.8014404326589795,0.791824208476433,0.8097690915537304,0.8117274768342219,0.8051570246491153,0.007621540967036976,RF,,90,0.010000000000000002,5,4,
69,0.571999454498291,0.0033001714647201597,0.020513629913330077,0.0017149110376014469,,,"{'n_estimators': 110, 'min_samples_split': 0.005, 'min_samples_leaf': 12, 'max_depth': 4}",0.7482863670982484,0.7920157400355421,0.8237761276127613,0.7535859355166287,0.7419859223609726,0.7719300185248306,0.03125262153940809,20,0.809341777309746,0.8005249482724863,0.7927363854771368,0.8065592736451626,0.8096224586400949,0.8037569686689252,0.006408528428062869,RF,,110,0.005,12,4,
70,0.42561025619506837,0.00851904249059797,0.01578078269958496,0.001355981589512248,,,"{'n_estimators': 70, 'min_samples_split': 0.018000000000000002, 'min_samples_leaf': 13, 'max_depth': 5}",0.7515866971312517,0.785827621223661,0.8254633155623254,0.7568333756452569,0.7387898318739796,0.7717001682872949,0.030979749578167303,21,0.8127573146144117,0.8051546269004238,0.7955671769742447,0.8084620126897778,0.814285034272658,0.8072452330903033,0.006665883660853557,RF,,70,0.018000000000000002,13,5,
71,1.0032040119171142,0.007036812946517408,0.03541522026062012,0.0015247792990627724,,,"{'n_estimators': 190, 'min_samples_split': 0.018000000000000002, 'min_samples_leaf': 10, 'max_depth': 4}",0.7497249724972497,0.787848015570788,0.8259181687399509,0.7558178894812558,0.7388216337693726,0.7716261360117234,0.031674820230637085,22,0.8082132972784184,0.7989261579819126,0.791537458128496,0.8064316085536933,0.8085815192096133,0.8027380082304267,0.006599251760221386,RF,,190,0.018000000000000002,10,4,
72,0.887675428390503,0.011286059967543552,0.03382053375244141,0.003035122389214057,,,"{'n_estimators': 210, 'min_samples_split': 0.006, 'min_samples_leaf': 9, 'max_depth': 3}",0.7479055597867479,0.7897361851569773,0.8223110772615723,0.7531945502242533,0.7370619288909619,0.7700418602641026,0.03156409671222761,23,0.8017963073699139,0.795739822512449,0.7854988331542935,0.8002970693915997,0.8048379056655666,0.7976339876187646,0.006740373591889555,RF,,210,0.006,9,3,
73,0.28391470909118655,0.005246076504711762,0.010440349578857422,0.0004638916365241158,,,"{'n_estimators': 50, 'min_samples_split': 0.010000000000000002, 'min_samples_leaf': 11, 'max_depth': 4}",0.7462871287128714,0.7857059744435984,0.8191535499703817,0.7480007616146231,0.7407244471770518,0.7679743723837053,0.03015147763881596,24,0.8085986077228782,0.7979137671917913,0.7913853183821855,0.8035908948992174,0.8065313742912753,0.8016039924974695,0.00624804894552791,RF,,50,0.010000000000000002,11,4,
74,0.322524881362915,0.005946077658650975,0.013304710388183594,0.0007036907943875745,,,"{'n_estimators': 70, 'min_samples_split': 0.018000000000000002, 'min_samples_leaf': 6, 'max_depth': 3}",0.7393585512397393,0.7864623000761615,0.8170062198527545,0.7523959126681898,0.7365212966692816,0.7663488561012253,0.03093077308899736,25,0.8001634510057098,0.7961300940355929,0.7803442724015854,0.7982865095702515,0.80183607303038,0.7953520800087039,0.007741342625487868,RF,,70,0.018000000000000002,6,3,
75,24.511770677566528,0.4065243886491676,0.036333560943603516,0.01119364890760756,,,"{'n_estimators': 90, 'max_depth': 8, 'learning_rate': 0.1}",0.7609905221291361,0.7893395108741643,0.837955910975713,0.7768151815181518,0.7653232132635105,0.786084867752135,0.027741295532768877,1,0.9969843256372671,0.9959438220679364,0.9945467823105132,0.9950891935799673,0.9954719630616908,0.995607217331475,0.000827151109869677,XGBoost,,90,,,8,0.1
76,54.935869455337524,0.5262177607666794,0.03885965347290039,0.0023820741381057504,,,"{'n_estimators': 210, 'max_depth': 7, 'learning_rate': 0.1}",0.760927054243886,0.771938732334772,0.8304561225353305,0.7732398239823983,0.7614221807619734,0.779596782771672,0.02594071712289409,2,0.9999371596700023,1.0,0.9999464203502125,0.9999378211471601,0.999955704705086,0.9999554211744922,2.3287809769451128e-05,XGBoost,,210,,,7,0.1
77,35.22866082191467,0.5928543868603132,0.03728208541870117,0.006713253049708391,,,"{'n_estimators': 200, 'max_depth': 5, 'learning_rate': 0.15000000000000002}",0.7541042565795041,0.775048658712025,0.8355229753744605,0.7690297875941441,0.7568851103525771,0.7781181577225421,0.029714788015865457,3,0.9994701567965455,0.9994939699742288,0.9985467346841579,0.9992816358065523,0.9988350998561394,0.9991255194235247,0.00037369462182124444,XGBoost,,200,,,5,0.15000000000000002
78,13.62142300605774,0.9675623463476817,0.03441300392150879,0.00682686663242597,,,"{'n_estimators': 120, 'max_depth': 3, 'learning_rate': 0.30000000000000004}",0.7623286367098248,0.7738004569687738,0.829937801472455,0.7642062283151392,0.7538003264994593,0.7768146899931304,0.027311647868998444,4,0.9779886860946918,0.9771826761778263,0.9704256870101761,0.9751942758412666,0.9763582127443513,0.9754299075736623,0.0026675472460926776,XGBoost,,120,,,3,0.30000000000000004
79,18.71753058433533,1.03234895091767,0.04499263763427734,0.014475774378068136,,,"{'n_estimators': 80, 'max_depth': 6, 'learning_rate': 0.30000000000000004}",0.7383536430566133,0.775926631124651,0.8290122281458915,0.7640052466785141,0.7514257849767846,0.7717447067964909,0.031256290429621254,5,0.99986638161411,0.9999728794365272,0.999160585486662,0.999907393197898,0.9995808475078277,0.9996976174486051,0.0003000982898193358,XGBoost,,80,,,6,0.30000000000000004
80,26.042737197875976,0.7144070917045086,0.044332361221313475,0.0031272516179472187,,,"{'n_estimators': 130, 'max_depth': 5, 'learning_rate': 0.25000000000000006}",0.7412202758737413,0.7601971735635101,0.8196771600236946,0.7600913937547602,0.7475459537388428,0.7657463913909098,0.027943109687978633,6,0.9998042027612702,0.9997314402739045,0.9993028030756043,0.9998868874060041,0.9995134128797496,0.9996477492793066,0.00021246320619358903,XGBoost,,130,,,5,0.25000000000000006
81,48.85366668701172,0.7027098176669045,0.04072051048278809,0.008379073741947537,,,"{'n_estimators': 150, 'max_depth': 9, 'learning_rate': 0.20000000000000004}",0.7395489548954896,0.7615511551155114,0.8167893712448168,0.7456630278412457,0.7475247524752475,0.7622154523144621,0.028221705976560586,7,1.0,1.0,0.9999999999999999,1.0,1.0,1.0,4.965068306494546e-17,XGBoost,,150,,,9,0.20000000000000004
82,11.686559581756592,0.3206982298499105,0.033407974243164065,0.006384131608801396,,,"{'n_estimators': 60, 'max_depth': 5, 'learning_rate': 0.45000000000000007}",0.7256071761022256,0.7666180079546416,0.8155200135398155,0.755622196835068,0.7470901265715436,0.7620915042006589,0.02991017991184642,8,0.99809560726249,0.9978468918511307,0.9969016409925332,0.9987345941969932,0.9981865374037405,0.9979530543413775,0.0006003966565708509,XGBoost,,60,,,5,0.45000000000000007
83,50.35311369895935,0.1562648210626852,0.05997800827026367,0.007780577602052993,,,"{'n_estimators': 160, 'max_depth': 9, 'learning_rate': 0.20000000000000004}",0.7382690192096133,0.7597634763476346,0.8162498942201913,0.7439917068629941,0.7488286301863591,0.7614205453653585,0.028310129905499297,9,1.0,1.0,1.0,1.0,1.0,1.0,0.0,XGBoost,,160,,,9,0.20000000000000004
84,46.832808065414426,0.5448313079784952,0.05138731002807617,0.007181114922288476,,,"{'n_estimators': 140, 'max_depth': 9, 'learning_rate': 0.25000000000000006}",0.7430291106033681,0.7532262841668782,0.8124312431243124,0.7478315139206229,0.740348124748235,0.7593732553126833,0.026889528737115805,10,1.0,1.0,1.0,1.0,1.0,1.0,0.0,XGBoost,,140,,,9,0.25000000000000006
85,36.77048244476318,0.5144545263074412,0.03390359878540039,0.001756246983039823,,,"{'n_estimators': 90, 'max_depth': 13, 'learning_rate': 0.30000000000000004}",0.7274900566979774,0.7551514766861301,0.8084856562579336,0.7466467800626218,0.7518180083532977,0.7579183956115921,0.027036462566104546,11,1.0,1.0,1.0,1.0,1.0,1.0,0.0,XGBoost,,90,,,13,0.30000000000000004
86,25.6822527885437,0.4195751532808071,0.036032915115356445,0.005067749322573411,,,"{'n_estimators': 210, 'max_depth': 3, 'learning_rate': 0.5500000000000002}",0.7348523313869848,0.7438118811881187,0.812917830244563,0.7498730642294998,0.7260054699260076,0.7534921153950348,0.0307934320205582,12,0.9999993385228421,1.0,1.0,0.9999953696598949,1.0,0.9999989416365473,1.8042691334947913e-06,XGBoost,,210,,,3,0.5500000000000002
87,24.04477438926697,2.0839471911640195,0.04543004035949707,0.02148862012123607,,,"{'n_estimators': 110, 'max_depth': 6, 'learning_rate': 0.5000000000000001}",0.7352966065837353,0.7413895235677415,0.8128014724549378,0.7360899551493612,0.7402951215892467,0.7531745358690045,0.02990531941862036,13,1.0,1.0,1.0,1.0,1.0,1.0,0.0,XGBoost,,110,,,6,0.5000000000000001
88,42.42278656959534,2.0910597522937127,0.04683918952941894,0.007415941225974687,,,"{'n_estimators': 110, 'max_depth': 10, 'learning_rate': 0.45000000000000007}",0.7224232038588474,0.7425636794448677,0.8131717017855631,0.7200643141237202,0.7489134352407403,0.7494272668907478,0.03377018877969349,14,1.0,1.0,1.0,1.0,1.0,1.0,0.0,XGBoost,,110,,,10,0.45000000000000007
89,29.545400047302245,0.27625458794712876,0.03262419700622558,0.004830440898556099,,,"{'n_estimators': 160, 'max_depth': 5, 'learning_rate': 0.5500000000000002}",0.7283151392062284,0.7335089278158585,0.8049420326648049,0.7323453499196073,0.7336379248203192,0.7465498748853638,0.029259880245420426,15,1.0,1.0,1.0,1.0,1.0,1.0,0.0,XGBoost,,160,,,5,0.5500000000000002
90,30.559212827682494,6.232959210095463,0.044037818908691406,0.023488358133346363,,,"{'n_estimators': 190, 'max_depth': 5, 'learning_rate': 0.6000000000000002}",0.7121308284674621,0.7368409917914869,0.7967229415249217,0.7195671490225944,0.7498038883117434,0.7430131598236417,0.029907805384183986,16,1.0,1.0,0.9999999999999999,1.0,1.0,1.0,4.965068306494546e-17,XGBoost,,190,,,5,0.6000000000000002
91,38.05029249191284,0.27376603346401396,0.0557762622833252,0.01214194343585695,,,"{'n_estimators': 240, 'max_depth': 4, 'learning_rate': 0.6500000000000001}",0.7118346450029618,0.747143945163747,0.7887894558686638,0.7355927900482357,0.7314859965653953,0.7429693665298007,0.02558343309516527,17,1.0,1.0,1.0,0.9999999999999999,1.0,1.0,4.965068306494546e-17,XGBoost,,240,,,4,0.6500000000000001
92,45.857833003997804,1.0799571075054033,0.048466968536376956,0.0032515465763885225,,,"{'n_estimators': 170, 'max_depth': 7, 'learning_rate': 0.7500000000000002}",0.7119933147160871,0.7653909621731403,0.7777248878734028,0.7043824574765168,0.7341255538830114,0.7387234352244316,0.028800044827024914,18,1.0,1.0,1.0,1.0,1.0,1.0,0.0,XGBoost,,170,,,7,0.7500000000000002
93,25.896803283691405,1.3238119851430479,0.04489841461181641,0.005178613156576857,,,"{'n_estimators': 50, 'max_depth': 14, 'learning_rate': 0.6000000000000002}",0.712977066937463,0.7216615892358466,0.7912223914699161,0.7188478463230938,0.7300125087455211,0.734944280542368,0.028669257748022953,19,1.0,1.0,1.0,1.0,1.0,1.0,0.0,XGBoost,,50,,,14,0.6000000000000002
94,54.50275340080261,0.5325659120963908,0.049126386642456055,0.004447729535686631,,,"{'n_estimators': 190, 'max_depth': 8, 'learning_rate': 0.6500000000000001}",0.7180650757383431,0.7294364051789795,0.7811098417534061,0.7071803334179572,0.7366697055144487,0.7344922723206269,0.025374379132753973,20,1.0,1.0,1.0,1.0,1.0,1.0,0.0,XGBoost,,190,,,8,0.6500000000000001
95,61.643019390106204,0.8524979935801558,0.06371464729309081,0.012543756491013337,,,"{'n_estimators': 230, 'max_depth': 7, 'learning_rate': 0.6500000000000001}",0.6913450960480664,0.7367986798679867,0.7674219345011424,0.7318481848184819,0.7431678928064113,0.7341163576084176,0.024628893672152163,21,1.0,1.0,1.0,1.0,1.0,1.0,0.0,XGBoost,,230,,,7,0.6500000000000001
96,66.10372614860535,0.5796707282824222,0.060201406478881836,0.018528417491436085,,,"{'n_estimators': 210, 'max_depth': 9, 'learning_rate': 0.5000000000000001}",0.7008441228738258,0.7230790386730981,0.7851612084285351,0.7192498095963442,0.7256397481289885,0.7307947855401583,0.0285381981274243,22,1.0,1.0,1.0,1.0,1.0,1.0,0.0,XGBoost,,210,,,9,0.5000000000000001
97,37.428759288787845,2.0766198469507278,0.03898077011108399,0.012998288934272866,,,"{'n_estimators': 90, 'max_depth': 14, 'learning_rate': 0.7000000000000002}",0.7063446729288313,0.7283362951679784,0.785441524921723,0.7115596175002117,0.7173023512201329,0.7297968923477753,0.028765176258599548,23,1.0,1.0,1.0,1.0,1.0,1.0,0.0,XGBoost,,90,,,14,0.7000000000000002
98,54.2984739780426,0.5343250115668382,0.0357874870300293,0.00330609352665012,,,"{'n_estimators': 180, 'max_depth': 9, 'learning_rate': 0.7000000000000002}",0.6955022425319455,0.7323347719387323,0.7737740120165862,0.7242003046458492,0.7212139843534675,0.7294050630973162,0.02538019442758482,24,1.0,1.0,1.0,1.0,1.0,1.0,0.0,XGBoost,,180,,,9,0.7000000000000002
99,68.86448225975036,2.3452298478806046,0.058388471603393555,0.023021642417512724,,,"{'n_estimators': 210, 'max_depth': 9, 'learning_rate': 0.7500000000000002}",0.6889386053990014,0.7257235338918508,0.7811309977151562,0.7040016501650165,0.7010197807789343,0.7201629135899918,0.03271278395781607,25,1.0,1.0,1.0,1.0,1.0,1.0,0.0,XGBoost,,210,,,9,0.7500000000000002
